X,Y,Z
-183.517258,237.660263,33.302082
-183.561569,237.633698,33.224815
-183.56105,237.63385,33.157898
-183.538757,237.533829,32.957169
-183.466965,237.567398,32.8578
-183.455673,237.618118,32.761986
-183.448029,237.620682,32.706749
-183.417282,237.641617,32.638168
-183.405334,237.644836,32.623421
-183.395935,237.649734,32.632404
-183.38826,237.650162,32.662987
-183.384674,237.652664,32.708111
-183.398758,237.633789,32.80151
-183.394394,237.630539,32.878006
-183.452316,237.586472,33.054546
-183.416473,237.613174,33.163364
-183.359268,237.841614,33.46579
-183.380615,237.731293,33.660404
-183.374756,237.644135,33.881142
-183.510757,237.689743,34.271603
-183.522888,237.654495,34.554562
-183.521027,237.590622,34.811543
-183.508163,237.663239,35.224934
-183.530304,237.743393,35.611897
-183.471603,237.684357,35.985386
-183.501404,237.579315,36.29504
-183.486755,237.74498,36.840572
-183.483948,237.717377,37.194649
-183.510468,237.584869,37.602039
-183.507278,237.599701,38.034939
-183.414932,237.74054,38.415207
-183.421936,237.738342,38.683758
-183.437225,237.676163,38.912861
-183.439392,237.642746,39.230312
-183.43515,237.626434,39.319447
-183.438431,237.625153,39.354477
-183.446579,237.621368,39.339146
-183.454178,237.631485,39.282887
-183.462158,237.6353,39.205528
-183.475266,237.746124,39.036022
-183.476517,237.76741,38.940075
-183.352478,237.768631,38.670662
-183.360489,237.776093,38.576141
-183.363724,237.779266,38.486584
-183.40712,237.795624,38.357384
-183.38089,237.769852,38.243095
-183.398285,237.787491,38.063274
-183.458359,237.60936,37.634605
-183.373001,237.749222,37.277737
-183.404724,237.766541,36.892853
-183.446075,237.621719,36.244045
-183.495026,237.661057,35.76326
-183.51033,237.699905,35.066433
-183.564819,237.633133,34.456635
-183.465958,237.694595,33.74437
-183.583771,237.631241,33.185581
-183.478317,237.636581,32.507404
-183.56842,237.524643,31.799816
-183.481842,237.616287,31.26445
-183.447983,237.547668,30.765265
-183.43541,237.545029,30.285727
-183.377914,237.548767,29.788382
-183.260178,237.615616,29.424133
-183.217636,237.711411,29.088196
-183.195313,237.654694,28.658028
-183.139664,237.630966,28.27071
-183.076431,237.537247,27.936853
-183.046646,237.640091,27.693817
-182.958359,237.695145,27.542109
-182.946671,237.68074,27.44873
-182.938477,237.686508,27.43049
-182.940308,237.709732,27.495443
-183.010635,237.659744,27.622656
-182.999771,237.613647,27.792076
-183.052887,237.622238,28.169012
-183.025818,237.71376,28.537003
-183.061798,237.672531,28.896923
-183.100067,237.645355,29.366194
-183.207611,237.598022,29.757748
-183.10434,237.765396,30.436623
-183.20076,237.582428,31.003412
-183.124817,237.834518,31.828285
-183.190765,237.717468,32.612202
-183.099808,237.847519,33.580975
-183.006256,237.871429,34.506672
-182.798004,237.933136,35.569801
-182.736618,237.962494,36.648331
-182.592331,238.024948,37.901779
-182.431503,238.058121,39.159161
-182.201477,238.134247,40.407227
-181.970093,238.237015,41.559238
-181.730896,238.258667,42.659542
-181.384262,238.357605,43.837158
-181.124054,238.399231,44.962494
-180.800369,238.579788,46.049355
-180.495834,238.600128,47.007359
-180.243668,238.625702,48.12962
-179.97699,238.708984,49.323586
-179.75975,238.699341,50.598179
-179.469009,238.701233,51.946709
-179.276749,238.72496,53.261597
-179.056076,238.84874,54.514698
-178.837372,238.831039,55.829716
-178.506134,238.766434,57.197964
-178.078262,238.784866,58.439415
-177.716782,238.943588,59.875332
-177.254974,238.921173,61.293903
-176.83519,238.925049,62.695904
-176.42395,238.988708,64.1353
-175.866653,239.140961,65.706314
-175.556625,239.095734,67.031319
-175.166809,238.920288,68.26358
-174.539902,239.104294,69.55677
-174.03537,239.054565,70.688622
-173.353699,239.259903,71.931244
-172.796478,239.017181,73.019852
-172.017838,239.147079,74.134605
-171.204239,239.166397,75.330536
-170.53096,239.023087,76.255005
-169.68541,238.974548,77.176003
-168.931686,239.14917,78.163445
-168.169876,239.142609,79.057083
-167.282288,239.316467,79.898277
-166.51123,239.31485,80.609749
-165.669464,239.267639,81.366638
-164.772049,239.149994,81.96756
-163.909241,239.147903,82.519196
-163.062119,239.118347,83.053169
-161.965149,239.132294,83.369781
-161.091568,239.100998,83.719467
-160.091125,239.232147,83.906998
-159.221054,239.148956,84.099014
-158.190033,239.19313,84.172707
-157.350174,239.037659,84.314735
-156.289413,239.232086,84.397713
-155.343597,239.200165,84.537285
-154.329971,239.021988,84.461685
-153.370575,239.195618,84.621712
-152.50589,239.046951,84.603897
-151.545853,239.03064,84.609421
-150.496185,238.980865,84.460152
-149.52388,238.971497,84.509872
-148.592178,238.92218,84.548157
-147.715515,238.845657,84.459351
-146.732971,238.769409,84.384697
-145.839188,238.581528,84.360855
-144.840271,238.682739,84.44593
-143.817017,238.748993,84.44738
-142.910034,238.61145,84.531609
-141.946762,238.699005,84.622276
-141.241196,238.628448,84.708313
-140.276672,238.66449,84.876274
-139.547531,238.654144,84.999664
-138.688705,238.578918,84.997475
-137.860077,238.560623,85.220428
-136.937393,238.639618,85.306847
-136.121124,238.512695,85.481064
-135.391449,238.452148,85.610008
-134.57518,238.524658,85.83889
-134.003464,238.387833,85.780586
-133.445358,238.43988,85.833206
-132.883392,238.433395,85.748535
-132.421265,238.354126,85.668121
-131.920822,238.348282,85.526794
-131.596863,238.413712,85.432953
-131.295898,238.34967,85.162254
-131.088943,238.430161,84.825287
-130.988907,238.324692,84.270302
-130.870987,238.391663,83.74678
-130.794159,238.352112,83.182587
-130.7957,238.448135,82.478516
-130.852768,238.387054,81.65052
-130.802536,238.467056,80.815239
-130.997498,238.309097,79.892563
-131.054993,238.395248,78.927559
-131.191574,238.447754,77.813416
-131.352692,238.314117,76.68129
-131.439758,238.289734,75.402298
-131.512497,238.255264,74.071373
-131.436356,238.276871,72.725777
-131.445313,238.281891,71.390945
-131.440292,238.286438,69.883369
-131.255692,238.335449,68.26606
-131.165787,238.243668,66.81794
-130.845703,238.236572,65.215591
-130.643799,238.102783,63.673763
-130.303482,238.171127,62.113602
-130.071457,238.11467,60.443661
-129.628265,238.195038,58.752655
-129.33992,238.162964,57.282879
-129.082962,238.10173,55.870613
-128.57103,238.034836,54.467545
-128.290817,238.013351,53.283752
-127.919853,238.04277,51.979542
-127.535667,237.999283,50.73534
-127.152534,237.962387,49.520573
-126.813736,237.972229,48.374451
-126.31366,237.995316,47.139011
-125.936432,237.844864,45.945415
-125.49633,237.659286,44.738537
-124.937851,237.826523,43.654186
-124.547157,237.826401,42.605862
-124.14325,237.792908,41.522751
-123.779739,237.825592,40.463383
-123.383209,237.832306,39.527466
-123.107346,237.907639,38.495403
-122.846443,237.812836,37.476315
-122.603065,237.843567,36.452206
-122.384315,237.787079,35.424591
-122.026047,237.788284,34.298717
-121.821083,237.690674,33.266754
-121.597694,237.777298,32.348888
-121.43959,237.683289,31.324707
-121.197342,237.74469,30.357676
-121.094376,237.626572,29.224415
-120.975212,237.630219,28.128496
-120.69265,237.599365,26.697317
-120.590286,237.604401,25.267712
-120.449753,237.563812,23.866701
-120.278191,237.690857,22.477251
-120.242493,237.427094,20.914762
-120.039124,237.539215,19.414541
-119.884552,237.402435,17.700178
-119.822609,237.349838,16.141214
-119.690826,237.338852,14.474799
-119.483879,237.13942,12.74473
-119.181259,237.231476,11.097507
-118.990837,237.077835,9.36999
-118.745506,236.971222,7.530985
-118.598778,237.072174,6.02609
-118.341118,236.940445,4.34148
-117.991241,237.007172,2.841902
-117.875801,237.06543,1.330257
-117.719521,237.062073,-0.143324
-117.620842,236.827225,-1.694902
-117.310822,236.831497,-2.96612
-116.974365,237.095139,-4.047147
-116.655579,236.767151,-5.467345
-116.321632,236.812576,-6.707135
-115.921112,236.578156,-7.89711
-115.64296,236.803955,-8.901546
-115.054482,236.157272,-10.425466
-114.676643,235.631256,-11.92481
-114.469315,235.947708,-12.931446
-114.507217,236.305893,-13.967763
-114.437263,236.646622,-15.092193
-114.371056,236.522568,-16.528681
-114.436432,236.701035,-17.845457
-114.35302,236.987656,-19.244656
-114.30275,236.909088,-20.853121
-114.450279,236.980164,-22.315599
-114.590935,237.054047,-23.744102
-114.783363,237.116486,-25.167051
-114.458885,236.195648,-27.060499
-114.484596,235.835236,-28.955416
-114.50032,235.75032,-30.598364
-114.599113,235.787811,-32.334694
-114.872398,235.807373,-34.026146
-115.049896,235.78595,-35.846466
-115.24865,235.902512,-37.351818
-115.422928,235.833466,-38.979382
-115.528091,235.840561,-40.483742
-115.630417,235.632507,-42.062969
-115.688026,235.613495,-43.54921
-115.746376,235.60405,-45.021893
-115.780708,235.560425,-46.477554
-115.846748,235.58429,-47.889622
-115.909309,235.604111,-49.283146
-115.965935,235.60968,-50.660908
-115.998657,235.573624,-51.98756
-115.99408,235.566086,-53.320587
-116.044479,235.468781,-54.569305
-116.005295,235.420319,-55.843266
-115.966827,235.399368,-57.122887
-115.968208,235.409317,-58.413445
-116.00898,235.446869,-59.678108
-116.016495,235.552811,-60.816109
-116.106979,235.437714,-62.077759
-116.095062,235.423416,-63.298046
-115.991539,235.309448,-64.440125
-115.918228,235.226181,-65.445526
-115.855835,235.211884,-66.369301
-115.796516,235.259811,-67.297035
-115.813927,235.143463,-68.303055
-115.852051,235.126633,-69.424767
-115.922234,235.102737,-70.510757
-116.048233,235.145569,-71.49733
-115.996559,235.211197,-72.559975
-115.975586,235.226013,-73.506775
-115.597313,235.077148,-74.102882
-115.132477,235.042221,-74.415237
-114.718147,235.088943,-74.511154
-114.386826,235.0466,-74.653481
-114.05542,234.980225,-74.905449
-113.682068,235.088135,-74.909683
-113.280533,235.09816,-74.989471
-112.833771,235.245529,-74.871895
-112.414673,235.271179,-74.932518
-111.945854,235.354065,-74.86364
-111.531746,235.372238,-74.788391
-110.937347,235.535446,-74.498001
-110.417519,235.414627,-74.532928
-109.843224,235.414474,-74.272514
-109.31443,235.390991,-74.052246
-108.691261,235.384796,-73.908806
-108.010933,235.484146,-73.551834
-107.359756,235.510468,-73.195099
-106.719032,235.410812,-73.02269
-106.010719,235.341309,-72.781357
-105.298531,235.481705,-72.43866
-104.604828,235.46022,-72.119682
-103.917656,235.47023,-71.83358
-103.243156,235.459747,-71.386932
-102.578384,235.3965,-71.002487
-101.818413,235.364502,-70.531754
-100.949364,235.455872,-69.8638
-100.070702,235.45018,-69.229248
-99.276031,235.32048,-68.511635
-98.436195,235.315598,-67.646027
-97.60228,235.429611,-66.812904
-96.859062,235.395584,-66.116364
-96.122993,235.357162,-65.426857
-95.383224,235.320511,-64.708504
-94.666977,235.348907,-63.913822
-93.982063,235.348129,-63.15741
-93.346077,235.331299,-62.407196
-92.679878,235.378082,-61.559021
-92.117615,235.423981,-60.692013
-91.572289,235.457214,-59.836834
-90.923912,235.546234,-59.023457
-90.354782,235.446609,-58.234406
-89.888405,235.534805,-57.265999
-89.43232,235.207779,-56.689816
-88.986153,235.288315,-55.70879
-88.458206,235.29776,-54.840359
-87.841988,235.400726,-53.845005
-87.29245,235.365219,-52.72768
-86.578964,235.515503,-51.63459
-86.054138,235.528732,-50.435463
-85.490395,235.528137,-49.16946
-84.887779,235.575577,-47.748985
-84.246719,235.456223,-46.526836
-83.543465,235.631775,-45.033802
-82.903496,235.568054,-43.603886
-82.19368,235.661865,-41.998344
-81.544159,235.575241,-40.390594
-80.814758,235.695923,-38.626617
-80.075478,235.678177,-36.91674
-79.48999,235.840485,-35.002289
-78.873772,235.822586,-33.141659
-78.2686,235.799469,-31.435411
-77.674271,235.8246,-29.596596
-77.201881,235.805069,-27.756704
-76.713676,235.918686,-25.903765
-76.279022,235.770233,-24.068096
-75.949883,235.90361,-22.044216
-75.581032,235.717056,-20.166279
-75.292038,235.716293,-18.048553
-75.072174,235.657471,-15.991487
-74.746231,235.715012,-13.77237
-74.513603,235.871506,-11.498543
-74.376114,235.84816,-9.210087
-74.122131,235.902725,-6.977243
-73.92923,236.042374,-4.69091
-73.731781,236.104172,-2.398326
-73.589867,236.15303,-0.124645
-73.461487,236.286667,2.116383
-73.506592,236.224945,4.144441
-73.515312,236.262238,6.167031
-73.597572,236.170746,7.977461
-73.70285,236.28775,9.964272
-73.737999,236.459793,12.02058
-73.948975,236.550339,13.902769
-74.076256,236.512314,15.674405
-74.265869,236.635117,17.562355
-74.536697,236.66011,19.396908
-74.79406,236.689636,21.203894
-75.059296,236.633331,22.751179
-75.405472,236.728851,24.373156
-75.67997,236.787155,25.997734
-75.862144,236.755264,27.515049
-76.194344,236.774124,28.978727
-76.408142,236.827347,30.378258
-76.649681,236.847244,31.742842
-76.906898,236.90274,33.048939
-77.102684,236.995056,34.294445
-77.308235,236.966858,35.539902
-77.468407,236.907791,36.753162
-77.563431,237.004242,38.061306
-77.680565,236.96962,39.357021
-77.780426,236.902084,40.567131
-77.886963,236.952072,41.811115
-78.004723,236.906219,43.082474
-78.059799,236.755524,44.190578
-78.102188,236.796341,45.375088
-78.161018,236.709076,46.51173
-78.162857,236.713959,47.730862
-78.160408,236.734558,48.946903
-78.174057,236.760178,50.217957
-78.195869,236.659882,51.476368
-78.226212,236.75621,52.818695
-78.243042,236.721664,54.029636
-78.188347,236.699936,55.20903
-78.137482,236.712067,56.311951
-78.028648,236.765015,57.48447
-77.952827,236.694168,58.613922
-77.797691,236.646118,59.724392
-77.659813,236.657623,60.993774
-77.469223,236.690842,62.276978
-77.279572,236.701294,63.544571
-77.030861,236.705887,64.827637
-76.806908,236.716248,66.152596
-76.585121,236.719757,67.486855
-76.323997,236.743576,68.814781
-76.011879,236.763519,70.13073
-75.789894,236.734879,71.390083
-75.650864,236.656204,72.628136
-75.401794,236.697144,73.823509
-75.224792,236.749954,75.037651
-74.993408,236.717911,76.246819
-74.670509,236.757874,77.412415
-74.329422,236.8004,78.583542
-73.95845,236.743073,79.666397
-73.565994,236.799393,80.717476
-73.175133,236.751297,81.755463
-72.779572,236.734177,82.801346
-72.244278,236.708649,83.895256
-71.840393,236.749771,84.98481
-71.347519,236.70488,86.121513
-70.841522,236.716003,87.296555
-70.332237,236.652054,88.550789
-69.836433,236.781738,89.829926
-69.305428,236.781693,91.114723
-68.789116,236.75943,92.408073
-68.273354,236.732147,93.65876
-67.707771,236.70256,94.769554
-67.18502,236.714798,95.931961
-66.616432,236.743637,96.883148
-66.020309,236.698837,97.776985
-65.53582,236.709869,98.661026
-64.909431,236.711639,99.38665
-64.285828,236.626663,100.018723
-63.624657,236.670029,100.575256
-62.907211,236.656998,101.089661
-62.05851,236.673279,101.475418
-61.35088,236.612061,101.811005
-60.610386,236.625305,102.088104
-59.742046,236.604828,102.280106
-58.960995,236.575485,102.388405
-58.023888,236.614243,102.384415
-57.159336,236.556656,102.276611
-56.232052,236.649567,102.021172
-55.312366,236.564575,101.663673
-54.320229,236.568314,101.258209
-53.456276,236.661667,100.656891
-52.447365,236.662155,100.106049
-51.3685,236.548843,99.405785
-50.369087,236.572021,98.661011
-49.174957,236.626892,97.911415
-48.083374,236.548019,97.087517
-46.90168,236.542648,96.281532
-45.727989,236.567703,95.407143
-44.648266,236.522339,94.481308
-43.545635,236.497513,93.612312
-42.395866,236.493927,92.756104
-41.256016,236.448059,91.827667
-40.139393,236.409988,90.813751
-39.040649,236.414886,89.763481
-37.998436,236.431641,88.747673
-36.898731,236.457611,87.6968
-35.811031,236.411209,86.61969
-34.844162,236.317047,85.628448
-33.821632,236.295654,84.56356
-32.911461,236.295776,83.513878
-32.052635,236.249222,82.487404
-31.190529,236.208923,81.419739
-30.431072,236.168686,80.38192
-29.735922,236.193893,79.310532
-29.075424,236.209442,78.206085
-28.525187,236.157745,77.2099
-27.86076,236.172195,76.159119
-27.307459,236.140198,75.083176
-26.748844,236.035782,74.039612
-26.197399,236.082047,72.945503
-25.739405,236.042343,71.756531
-25.241827,235.968948,70.675758
-24.874592,236.022751,69.463264
-24.485418,235.928055,68.32338
-24.205168,235.983353,67.017769
-24.007053,235.981323,65.673431
-23.715673,235.886398,64.178085
-23.527529,235.956009,62.626064
-23.29706,235.96936,60.975792
-23.11586,235.983124,59.403496
-22.866713,235.944687,57.748039
-22.681118,235.98999,56.13652
-22.442282,235.975876,54.486435
-22.242809,235.929077,52.887909
-22.021763,235.895599,51.221024
-21.894951,235.946335,49.576405
-21.720579,235.830933,47.792732
-21.536274,235.891739,46.002033
-21.370382,235.751251,44.213676
-21.254311,235.73259,42.464172
-21.123989,235.659302,40.542881
-21.062849,235.672653,38.784203
-20.905176,235.544922,36.926571
-20.905548,235.505798,35.101192
-20.776518,235.486282,33.177612
-20.684389,235.475754,31.343777
-20.625601,235.336166,29.44239
-20.608753,235.358307,27.649105
-20.560881,235.233154,25.82868
-20.50131,235.332855,24.066025
-20.576159,235.150101,22.133284
-20.570848,235.116058,20.333689
-20.576809,234.993851,18.531349
-20.623398,234.928741,16.713011
-20.700529,234.977951,14.95225
-20.679522,234.94072,13.070524
-20.792976,234.897476,11.223468
-20.796328,234.705917,9.31923
-20.738874,234.541397,7.477126
-20.885887,234.57106,5.687117
-20.866678,234.57608,3.968691
-20.854956,234.459808,2.211787
-20.900404,234.46228,0.399041
-20.92313,234.538803,-1.293726
-20.790104,234.423965,-3.131464
-20.876854,234.455154,-4.988391
-20.866365,234.328049,-6.832048
-20.9146,234.482452,-8.666022
-20.893385,234.161346,-10.751291
-20.902279,234.224731,-12.697769
-20.867388,234.287506,-14.541628
-20.807617,234.150772,-16.5488
-20.727106,234.187927,-18.318663
-20.632088,234.04541,-20.12047
-20.632832,234.070847,-21.855206
-20.573238,234.110962,-23.404413
-20.388861,233.948807,-25.015572
-20.287905,233.958954,-26.443714
-20.07276,234.007782,-27.870731
-19.927408,234.046341,-29.286921
-19.758799,234.032043,-30.739948
-19.589432,233.849762,-32.137287
-19.364876,233.910141,-33.309925
-19.261995,233.853546,-34.484886
-19.128483,233.760635,-35.609211
-19.00568,233.817276,-36.707886
-18.877901,233.687027,-37.762722
-18.731888,233.725113,-38.886993
-18.694017,233.646713,-40.027554
-18.693836,233.460922,-41.016247
-18.594007,233.582397,-41.919304
-18.598946,233.487061,-42.884678
-18.603914,233.545486,-43.84869
-18.640385,233.405945,-44.848595
-18.660604,233.313782,-45.859394
-18.833363,233.531265,-46.676773
-18.919661,233.355743,-47.654968
-18.99493,233.293503,-48.628372
-19.148499,233.46199,-49.485291
-19.263527,233.262207,-50.424377
-19.540571,233.407104,-51.304359
-19.745995,233.401642,-52.25713
-20.055397,233.257492,-53.236645
-20.448055,233.356583,-54.089714
-20.910126,233.267715,-55.073387
-21.45203,233.351105,-55.920193
-22.027935,233.346619,-56.834068
-22.667042,233.373978,-57.552902
-23.273031,233.481506,-58.109875
-24.015705,233.51767,-58.713631
-24.855631,233.468979,-59.340992
-25.781927,233.504364,-59.930382
-26.778612,233.507721,-60.528526
-27.979155,233.382767,-61.257763
-29.215107,233.483292,-61.647373
-30.55002,233.505997,-62.257473
-32.243481,233.55722,-62.746033
-33.851852,233.806229,-63.157536
-35.674881,233.903488,-63.601181
-37.37804,233.895157,-63.808361
-39.000347,233.995209,-64.057404
-40.589191,234.048843,-64.152802
-42.195309,234.150742,-64.355377
-43.777279,234.295593,-64.511421
-45.405655,234.235229,-64.738876
-46.929562,234.408066,-64.822067
-48.470413,234.474777,-64.936287
-49.945499,234.52536,-64.95462
-51.366325,234.607162,-65.014442
-52.746311,234.628448,-65.061516
-54.099087,234.677689,-65.149529
-55.489697,234.59877,-65.298752
-56.765282,234.588638,-65.465965
-58.014942,234.604828,-65.560165
-59.313465,234.540634,-65.667557
-60.635632,234.504227,-65.754623
-61.880245,234.520172,-65.781708
-63.094482,234.465576,-65.790627
-64.241783,234.531403,-65.771782
-65.427155,234.536896,-65.763992
-66.605125,234.469299,-65.77636
-67.707733,234.41272,-65.85405
-68.840988,234.413147,-65.850487
-69.914299,234.486237,-65.886017
-71.042389,234.62796,-65.817322
-72.251038,234.673294,-65.843491
-73.381264,234.679184,-65.997177
-74.566139,234.6371,-65.999046
-75.80127,234.713562,-66.04937
-76.950195,234.708344,-66.068413
-78.142441,234.739883,-66.059525
-79.347618,234.813507,-66.055183
-80.42392,234.921967,-66.065613
-81.643082,234.792175,-66.323997
-82.886368,234.908112,-66.515862
-84.14016,234.703079,-67.17263
-85.557091,234.647446,-67.781921
-87.072159,234.812256,-68.259956
-88.321381,234.873611,-68.863525
-89.537369,234.937286,-69.410713
-90.533264,234.910187,-70.081352
-91.489944,234.849838,-70.814911
-92.191154,234.832733,-71.605087
-92.648445,234.8685,-72.333633
-93.027397,234.892792,-73.083099
-93.158646,234.906403,-73.852898
-93.241768,234.90358,-74.693771
-93.019516,234.881821,-75.420258
-92.626137,234.85083,-75.952797
-92.048248,234.740234,-76.50486
-91.284599,234.762222,-76.927361
-90.25721,234.679245,-77.383545
-88.397255,232.978943,-78.99398
-87.73127,233.417374,-79.041855
-86.47242,233.515182,-79.296082
-85.143929,233.584,-79.492691
-83.693863,233.787735,-79.615387
-82.19648,233.924149,-79.751732
-80.652084,233.959595,-79.897636
-79.026611,233.975189,-80.142357
-77.341232,234.120453,-80.179688
-75.635284,234.184418,-80.429573
-73.986862,234.065414,-80.786545
-72.305679,234.039459,-81.143509
-70.6446,233.981735,-81.498169
-68.974075,233.872787,-81.906929
-67.096573,234.018463,-82.25267
-65.494087,233.917023,-82.524681
-63.86002,233.845093,-82.924294
-62.315796,233.79155,-83.197571
-60.735023,233.716736,-83.586212
-59.242622,233.695282,-83.888054
-57.700771,233.70787,-84.314156
-56.252224,233.707626,-84.647331
-54.754387,233.708099,-85.016525
-53.270844,233.684677,-85.41922
-51.886627,233.744522,-85.791008
-50.480431,233.773804,-86.231926
-49.148003,233.707916,-86.668587
-47.805016,233.659622,-86.965302
-46.414215,233.441132,-87.221901
-44.974213,233.35556,-87.139191
-43.63382,233.412827,-86.830086
-42.104965,233.497787,-86.421677
-40.803131,233.469345,-86.2146
-39.601276,233.518936,-86.00589
-38.398506,233.379349,-85.917572
-37.167152,233.368774,-85.821579
-36.049587,233.318481,-85.684776
-34.875786,233.334335,-85.444374
-33.796463,233.285614,-85.227173
-32.683033,233.314362,-85.074249
-31.761412,233.354523,-84.786621
-30.718128,233.334381,-84.651672
-29.869423,233.358017,-84.403427
-28.909443,233.119217,-84.349792
-27.996992,233.207825,-84.081017
-27.021997,233.138916,-83.902382
-26.15559,233.178253,-83.608643
-25.369608,233.305405,-83.342072
-24.570272,233.033768,-83.294373
-23.840902,233.181488,-83.132065
-22.970779,232.893555,-83.07058
-22.079826,232.87944,-82.827469
-20.966038,232.856506,-82.709389
-19.916845,232.762848,-82.479286
-18.801573,232.782181,-82.327469
-17.73234,232.640732,-82.142471
-16.756369,232.514725,-81.838272
-15.799321,232.544525,-81.445793
-14.920258,232.558975,-81.015739
-14.291351,232.659943,-80.635025
-13.729171,232.705338,-80.185158
-13.424488,232.786423,-79.829163
-13.147537,232.929962,-79.483437
-13.077113,232.79097,-79.294258
-13.200525,232.929886,-79.060135
-13.628459,232.96022,-79.164322
-14.32688,233.070953,-79.388489
-15.34498,232.949295,-79.764214
-16.574602,232.998215,-80.24955
-18.108902,233.043442,-80.756302
-19.775938,233.21611,-81.249557
-21.552492,233.073624,-82.064804
-23.558851,233.108521,-82.911835
-25.644445,233.015244,-83.969589
-27.832651,233.000534,-84.76432
-30.096157,233.052277,-85.361443
-32.477306,232.910553,-85.989922
-34.853653,233.035156,-86.312881
-37.209633,233.144821,-86.725983
-39.636093,233.243149,-87.010391
-42.043465,233.334076,-87.327194
-44.399017,233.669556,-87.217995
-46.812027,233.751465,-87.023361
-49.017262,234.023941,-86.760918
-51.244049,234.069565,-86.748497
-53.570038,234.02095,-86.67244
-55.850929,234.021652,-86.680328
-57.960491,233.966965,-86.819366
-59.975044,234.126266,-86.74604
-62.027515,234.181915,-86.839211
-63.973167,234.299973,-86.73185
-66.023636,234.266556,-86.607803
-67.964828,234.365143,-86.315727
-69.788834,234.536377,-85.940346
-71.607391,234.641953,-85.659103
-73.333855,234.477875,-85.430031
-74.983017,234.690643,-85.057709
-76.75753,234.692047,-84.789406
-78.43457,234.694107,-84.430077
-80.128815,234.757507,-83.996651
-81.740585,234.748337,-83.612511
-83.390846,234.759445,-83.161827
-85.092072,234.612106,-82.779549
-86.647751,234.557648,-82.374817
-88.683525,234.986954,-81.68885
-90.3423,235.12175,-81.084015
-91.998192,235.113144,-80.540237
-93.537575,235.135071,-79.965622
-95.073235,235.272919,-79.310326
-96.468384,235.239273,-78.812897
-97.860336,235.397064,-78.120056
-99.182175,235.349335,-77.719093
-100.530891,235.387207,-77.256859
-101.829842,235.396652,-76.858315
-103.039658,235.381805,-76.438103
-104.139572,235.441208,-75.930473
-105.343002,235.557678,-75.389893
-106.217545,235.67009,-74.766815
-107.141388,235.652481,-74.309143
-107.896774,235.715775,-73.730469
-108.504501,235.794724,-73.161362
-109.037056,235.83519,-72.551102
-109.466454,235.782944,-72.075394
-109.802475,235.865677,-71.470795
-109.951782,235.856796,-70.908699
-109.908356,235.955658,-70.338188
-109.676315,235.913757,-69.745598
-109.189445,236.001312,-68.99926
-108.533607,236.02504,-68.124619
-107.668655,236.038269,-67.28363
-106.576012,236.055557,-66.426155
-105.251488,236.072098,-65.358757
-103.726692,236.190414,-64.191429
-101.972748,236.074478,-63.22488
-100.034523,236.186203,-62.150776
-98.122116,236.09552,-61.299862
-96.043167,236.062851,-60.492397
-93.880028,236.018982,-59.634239
-91.677277,235.947784,-58.760704
-89.414345,235.985489,-57.770073
-87.115494,236.0672,-56.68634
-84.928665,235.925293,-55.689842
-82.641365,235.906387,-54.650517
-80.283966,235.889282,-53.693474
-78.055725,235.787308,-53.125172
-75.94799,235.701645,-52.498699
-73.733574,235.757416,-51.894695
-71.576569,235.693253,-51.316322
-69.349564,235.61821,-50.633789
-67.05761,235.717926,-49.74086
-64.779037,235.583786,-49.06678
-62.553085,235.67746,-48.085289
-60.355618,235.699387,-47.123707
-58.302624,235.447556,-46.182365
-56.224171,235.515518,-45.085037
-54.331863,235.444962,-43.948208
-52.500015,235.206665,-42.866528
-50.662308,235.274094,-41.673374
-48.899727,235.260803,-40.431915
-47.070694,235.147903,-39.159912
-45.230888,235.048706,-37.742588
-43.443825,234.917221,-36.303589
-41.77285,234.834793,-34.714016
-40.041672,234.768585,-33.108166
-38.258213,234.731964,-31.314983
-36.434456,234.912109,-29.307327
-34.634148,234.76265,-27.383881
-32.85471,234.765793,-25.354692
-31.336218,234.829681,-23.26548
-29.948009,234.932449,-21.219868
-28.466393,234.855988,-19.303373
-27.199532,234.907196,-17.35253
-25.910425,234.788574,-15.615621
-24.52803,234.843323,-13.857231
-23.191799,234.628204,-12.250229
-21.871752,234.783707,-10.467003
-20.416088,234.545532,-8.786964
-19.120378,234.5802,-6.876367
-17.964375,234.103897,-4.888752
-17.917986,234.305344,-3.007079
-18.357973,234.569534,-1.234942
-18.858557,234.799896,0.376633
-19.008175,234.912338,2.049428
-18.583914,234.730103,3.634901
-18.221506,234.738052,5.169304
-17.861454,234.601746,6.453806
-17.943043,234.622543,7.497088
-18.133083,234.776825,8.607194
-18.568502,234.778,9.733928
-18.777174,234.912613,10.940472
-18.843454,234.944855,12.125074
-18.89455,234.943863,13.258346
-18.964169,234.966232,14.495467
-19.011444,235.002518,15.914125
-19.044798,235.143555,17.337639
-19.110472,234.998795,18.426195
-19.240211,235.116409,19.43836
-19.55934,235.15686,20.146696
-20.04435,235.205002,20.656843
-20.838173,235.329407,20.979048
-21.55624,235.229431,21.126804
-22.389088,235.400833,21.195004
-23.119894,235.399719,21.235836
-23.73494,235.469162,21.322958
-24.314695,235.31456,21.181074
-24.833775,235.426102,20.950886
-25.308393,235.342972,20.473829
-25.77961,235.362442,19.882921
-26.284788,235.406784,19.276804
-26.976849,235.449127,18.613668
-27.817093,235.433777,17.987417
-28.746513,235.45314,17.257374
-29.624363,235.479568,16.59256
-30.49782,235.504166,15.941795
-31.498291,235.5112,15.214213
-32.564236,235.441879,14.579246
-33.85434,235.556305,13.965229
-35.071426,235.557068,13.32085
-36.447437,235.569382,12.463006
-37.815529,235.627197,11.711445
-39.076859,235.635818,10.937721
-40.318237,235.67688,10.220712
-41.50798,235.706711,9.52346
-42.770702,235.688309,8.837264
-44.015839,235.733505,8.283591
-45.036659,235.757904,7.939811
-45.74601,235.716003,7.903251
-46.458866,235.691818,8.115684
-47.044037,235.530914,8.561011
-47.9785,235.605942,8.979838
-49.300083,235.798386,9.292469
-50.60508,235.907074,9.655789
-51.917042,236.010101,10.192973
-53.248669,236.057251,10.646457
-54.622089,236.055267,11.233261
-55.975048,236.271408,11.795016
-57.364017,236.219223,12.464616
-58.585514,236.328354,13.234723
-59.757236,236.384064,14.277525
-61.008865,236.203552,15.387682
-62.385033,236.333466,16.512684
-63.915916,236.463409,17.679255
-65.463623,236.506866,18.795593
-66.797234,236.536148,20.020342
-68.118317,236.570129,21.185757
-69.406326,236.515167,22.088547
-70.831657,236.606598,23.031603
-72.303932,236.600372,23.71418
-73.881317,236.570557,24.22373
-75.34977,236.65567,24.597588
-76.771294,236.547455,24.733086
-78.169662,236.579071,24.63699
-79.456078,236.649963,24.348141
-80.74131,236.606079,23.980453
-82.010941,236.557678,23.537977
-83.372253,236.540161,22.999062
-84.750114,236.528214,22.443995
-86.214287,236.662415,21.981386
-87.657265,236.621353,21.32523
-89.159134,236.654572,20.707783
-90.793755,236.68338,20.057892
-92.398178,236.765137,19.505116
-94.143936,236.709381,18.895578
-95.865311,236.845963,18.579493
-97.742973,236.861145,18.120943
-99.609444,236.770309,17.576637
-101.499916,236.883743,16.997765
-103.550507,236.887238,16.327248
-105.581696,236.879166,15.564959
-107.610901,237.015793,14.98868
-109.55397,236.98439,14.337582
-111.574364,237.097916,13.750838
-113.320244,237.125351,13.183773
-115.082855,237.083206,12.603743
-116.652428,237.277069,12.184835
-118.192337,237.146271,11.819368
-119.46521,237.068832,11.537121
-120.395683,237.208725,11.438548
-121.110558,237.169525,11.402137
-121.47348,237.256409,11.322997
-121.514816,237.179626,11.145875
-121.317902,237.230408,11.02403
-120.768372,237.38028,11.062266
-119.990479,237.37616,10.844728
-118.972862,237.525558,10.775467
-117.823608,237.694046,10.840896
-116.302803,237.655167,10.662283
-114.496902,237.822693,10.691221
-112.615799,237.617432,10.503764
-110.40831,237.650665,10.415593
-108.07267,237.57486,10.405965
-105.852867,237.60759,10.573442
-103.440544,237.500961,10.642796
-100.9394,237.504227,11.226481
-98.431152,237.381927,11.679883
-95.952042,237.355972,12.258513
-93.410316,237.280655,12.796323
-90.774368,237.282135,13.603802
-88.060463,237.13063,14.357239
-85.374016,237.012039,15.161653
-82.567451,236.927048,15.994411
-79.9319,236.800278,16.92248
-77.253693,236.793152,17.84263
-74.692978,236.728622,18.704908
-72.20697,236.811279,19.633455
-69.805023,236.739716,20.374338
-67.410172,236.672119,20.943964
-64.940857,236.570374,21.424318
-62.571587,236.47197,21.827042
-60.24791,236.429047,22.008038
-58.048592,236.480682,22.149488
-55.881191,236.304535,22.134674
-53.788193,236.2742,22.18302
-51.718304,236.151871,22.211855
-49.669258,236.144302,22.276299
-47.662552,236.049561,22.224178
-45.747295,235.86293,22.151701
-43.742142,235.738373,22.173073
-41.898937,235.565063,22.131359
-40.184788,235.474594,22.199131
-38.371067,235.480301,22.334612
-36.802711,235.529373,22.493998
-35.154266,235.376205,22.710882
-33.592999,235.320877,22.993328
-32.026485,235.279968,23.376486
-30.595381,235.327087,23.789835
-29.307724,235.210098,24.175406
-28.158026,235.30304,24.592642
-26.883041,235.160492,25.056095
-25.816404,235.216721,25.421091
-24.83536,235.189056,25.674904
-23.992844,235.060059,25.932724
-23.36161,235.079086,26.210018
-22.862871,234.994186,26.338604
-22.663725,235.070404,26.586344
-22.586252,235.110657,26.820189
-22.638393,235.077805,26.935373
-22.995226,235.169083,27.022009
-23.383862,235.091736,27.012993
-24.153107,235.139206,27.179466
-25.154207,235.308136,27.273237
-26.360727,235.419937,27.340893
-27.640192,235.562622,27.406315
-29.159611,235.534378,27.32358
-30.831224,235.647461,27.344999
-32.744202,235.670609,27.405905
-34.723839,235.689957,27.5135
-36.926201,235.876755,27.537561
-39.18647,235.96048,27.69825
-41.478439,236.108688,27.728142
-43.876366,236.17189,27.869631
-46.229836,236.2771,28.045897
-48.732616,236.327866,28.319988
-51.16333,236.396759,28.636436
-53.737843,236.462448,29.036243
-56.354736,236.47258,29.482218
-58.96019,236.615265,30.036093
-61.670277,236.645447,30.756107
-64.360855,236.659958,31.592808
-67.107948,236.701859,32.491371
-69.725189,236.794037,33.330563
-72.360588,236.745163,34.2421
-74.834709,236.812134,35.082993
-77.177063,236.838715,36.031029
-79.537674,236.839203,36.858341
-81.755157,236.882339,37.750576
-83.951698,236.923737,38.739494
-86.156502,236.95903,39.630653
-88.473389,237.055405,40.634922
-90.698494,237.128799,41.596481
-93.044594,237.261078,42.630692
-95.417137,237.279922,43.772705
-97.768517,237.301331,44.790787
-100.098,237.367371,45.9384
-102.34697,237.407745,46.900124
-104.671738,237.482239,48.001671
-106.855194,237.607468,48.924419
-109.075172,237.679306,49.957554
-111.122681,237.713791,50.873669
-113.121246,237.719528,51.843906
-115.170441,237.906967,53.003906
-116.992516,237.992798,54.089832
-118.969978,237.913528,55.176403
-120.752434,237.892456,56.259125
-122.410896,238.04953,57.519901
-123.861397,238.024551,58.516964
-125.104843,238.032745,59.520538
-126.119476,238.103653,60.483345
-126.980392,238.063232,61.32
-127.62146,238.10408,62.104042
-128.059067,238.218979,62.931522
-128.170578,238.123184,63.481018
-127.827751,238.123032,64.129745
-127.429604,238.343094,64.778999
-126.70256,238.234802,65.144814
-125.781609,238.185852,65.674873
-124.599014,238.372192,66.276711
-123.190231,238.328537,66.795876
-121.563576,238.334534,67.545341
-119.833542,238.384979,68.261589
-117.911682,238.325989,68.927505
-115.913193,238.347626,69.827232
-113.930145,238.388748,70.763069
-111.741966,238.447495,71.880653
-109.566292,238.150116,73.049385
-107.293846,238.081894,74.09922
-105.182564,238.099091,75.496811
-103.141365,237.799469,76.740959
-100.959839,237.700867,78.329758
-98.704239,237.555176,79.728157
-96.539185,237.616379,81.426262
-94.492538,237.553574,83.127441
-92.432426,237.585144,84.865097
-90.448982,237.508865,86.540382
-88.442291,237.546036,88.213341
-86.534126,237.453842,89.927063
-84.655968,237.386642,91.527367
-82.65889,237.315109,92.916023
-80.714935,237.334702,94.296806
-78.721931,237.243179,95.463737
-76.686241,237.282822,96.450111
-74.75798,237.232452,97.288246
-72.893822,237.067535,97.963387
-70.991493,237.071854,98.640625
-69.064735,237.092804,99.204025
-67.212959,237.041229,99.624504
-65.320023,237.007141,99.879829
-63.436531,236.925049,100.053307
-61.648903,236.93634,100.205032
-59.90181,236.895386,100.183205
-58.137848,236.889694,100.078094
-56.476078,236.874908,99.901169
-54.830441,236.830093,99.581543
-53.233799,236.759888,99.203529
-51.551403,236.703659,98.74453
-49.850018,236.674454,98.201538
-48.142246,236.622635,97.626259
-46.51152,236.6035,96.933243
-44.871422,236.629623,96.192635
-43.338089,236.577209,95.459846
-41.770123,236.579315,94.604256
-40.134438,236.497375,93.73999
-38.60796,236.590302,92.761505
-37.015194,236.570038,91.627762
-35.431877,236.557831,90.642044
-33.985363,236.542191,89.47744
-32.553066,236.490585,88.420006
-31.183826,236.546661,87.440041
-29.882658,236.469254,86.356491
-28.649466,236.485458,85.240631
-27.433477,236.43219,84.078285
-26.153297,236.37767,82.953094
-24.931944,236.203171,81.688042
-23.800529,236.14653,80.482849
-22.877501,236.134521,79.304626
-22.048487,236.089676,78.118851
-21.292696,235.973816,76.888687
-20.71472,235.963318,75.47097
-20.100784,235.948196,73.961128
-19.628258,235.846497,72.364891
-19.308329,235.814926,70.662651
-19.098083,235.90509,68.978172
-19.155453,235.956741,67.279716
-19.261396,235.967743,65.617928
-19.459621,235.990341,63.974716
-19.719814,235.971344,62.211319
-19.993776,235.969528,60.410629
-20.483376,235.92038,58.474743
-21.046457,235.980042,56.498131
-21.642542,236.01239,54.573483
-22.292416,236.028107,52.603184
-22.990194,236.058395,50.747322
-23.648064,235.993942,48.939098
-24.32304,235.976898,47.212601
-24.943132,235.909271,45.41312
-25.696177,236.009247,43.637943
-26.404881,236.032928,41.780708
-27.170649,235.940521,39.955616
-27.809065,235.944275,38.164101
-28.440674,235.824646,36.362911
-29.00877,235.799774,34.595032
-29.613861,235.748566,32.755402
-30.186863,235.71553,30.907413
-30.696732,235.687012,28.974016
-31.0968,235.686569,27.073233
-31.484776,235.761078,25.128794
-31.781044,235.617477,22.957039
-32.099499,235.571548,20.731981
-32.322567,235.462097,18.42436
-32.597122,235.38382,15.977508
-32.981003,235.422684,13.521751
-33.442211,235.383026,10.779955
-33.829536,235.270081,8.073887
-34.182808,235.227341,5.319804
-34.586494,235.208786,2.496467
-34.867496,235.14563,-0.265907
-35.292103,235.026794,-3.102573
-35.651863,234.94014,-5.908827
-36.113041,234.91655,-8.713345
-36.563953,234.889923,-11.515705
-37.132698,234.735001,-14.348705
-37.650761,234.87114,-17.06958
-38.173561,234.813385,-19.916063
-38.636044,234.738083,-22.854038
-39.112633,234.686234,-25.673672
-39.63699,234.650711,-28.521111
-40.121544,234.587555,-31.239677
-40.581779,234.50386,-34.077068
-40.987579,234.414673,-36.657673
-41.410477,234.658478,-39.042667
-41.750404,234.70752,-41.429085
-42.181824,234.754623,-43.868656
-42.520969,234.636703,-46.207497
-42.731678,234.305878,-48.597439
-42.965446,234.383728,-50.822899
-43.416813,234.209854,-53.076401
-43.624138,234.38475,-55.075356
-43.94025,234.285782,-57.209045
-44.12009,234.416992,-59.125786
-44.33445,234.178619,-60.976158
-44.477814,234.18335,-62.763588
-44.621326,234.211884,-64.27256
-44.742157,234.218094,-65.672028
-44.863159,234.279465,-67.026955
-44.915272,234.257629,-68.266899
-44.953671,234.102966,-69.365334
-45.023804,234.159286,-70.286545
-45.005817,234.302902,-71.053589
-44.921562,234.138168,-71.843903
-44.871124,234.255493,-72.163635
-44.672119,234.046982,-72.479813
-44.283531,234.06633,-72.483284
-44.072674,234.150223,-72.165634
-43.734638,234.342392,-71.585068
-43.439503,234.463516,-70.923569
-43.194176,234.7435,-69.905663
-42.807171,234.619141,-68.838882
-42.25066,234.733627,-67.45475
-41.774597,234.755646,-65.818855
-41.171764,235.101212,-63.805557
-40.515083,234.921982,-61.752201
-39.741272,234.985062,-59.129063
-39.093296,234.859619,-56.284065
-38.369232,234.791412,-53.221962
-37.556126,234.822433,-49.68251
-37.010521,235.097549,-46.081062
-36.206348,235.06662,-42.194302
-35.615929,234.936935,-38.32317
-34.925488,234.960007,-34.2616
-34.279675,235.067154,-29.898682
-33.557831,235.249191,-25.454697
-32.908077,235.302551,-20.899796
-32.311562,235.323135,-16.276142
-31.724882,235.442795,-11.390198
-31.17477,235.441559,-6.664125
-30.696188,235.58754,-1.79541
-30.266708,235.545792,3.017595
-30.031513,235.821243,7.906912
-29.682034,235.740738,12.670334
-29.439756,235.827057,17.401962
-29.325018,235.739227,21.795116
-29.311918,235.825043,26.027609
-29.369717,235.903,29.97765
-29.537634,235.954803,33.807976
-29.854942,236.175781,37.465542
-30.089754,236.139175,41.015865
-30.493807,236.195892,44.52338
-30.872543,236.252853,48.058941
-31.300362,236.208344,51.447208
-31.751175,236.201065,54.765564
-32.305786,236.190033,58.111305
-32.893398,236.311127,61.327164
-33.474552,236.319214,64.570847
-34.067204,236.286316,67.756493
-34.684277,236.389542,70.877228
-35.346626,236.29306,73.903015
-36.141663,236.400681,76.907997
-36.894665,236.394012,79.825958
-37.685387,236.409424,82.544983
-38.527351,236.434219,85.23465
-39.429985,236.501602,87.877419
-40.314945,236.575363,90.459167
-41.202862,236.463409,93.029633
-42.160889,236.489609,95.514725
-43.230038,236.529495,97.861938
-44.332901,236.560944,100.151299
-45.532745,236.518112,102.286781
-46.817009,236.615585,104.270088
-48.245579,236.704605,106.131775
-49.663429,236.788895,107.850967
-51.079494,236.782211,109.470016
-52.525524,236.871887,110.96756
-53.952305,236.935501,112.338203
-55.626347,237.166306,113.548752
-57.044556,237.155029,114.58551
-58.554234,237.145935,115.455185
-60.102215,237.135757,116.255142
-61.639267,237.119232,116.921516
-63.280502,237.165771,117.544273
-64.967773,237.430939,118.029266
-66.579498,237.340469,118.473396
-68.10611,237.385727,118.69146
-69.631401,237.401108,118.81295
-71.266846,237.371628,118.817276
-72.96048,237.455795,118.751686
-74.685593,237.499649,118.734962
-76.526169,237.499115,118.861603
-78.523071,237.470947,118.932327
-80.456123,237.674255,119.075935
-82.448746,237.543442,119.420982
-84.524315,237.72406,119.644325
-86.628487,237.68454,120.102646
-88.760704,237.662506,120.536652
-90.801453,237.583862,120.992004
-93.144142,236.680206,122.078804
-95.583389,237.625366,122.473747
-97.745842,237.7789,122.795853
-99.939484,237.743973,123.180214
-102.093529,237.816788,123.472214
-104.30233,237.973129,123.671707
-106.575325,237.856354,123.927147
-108.740509,238.007935,124.093353
-110.870613,238.050491,124.046326
-112.947479,238.139267,124.052498
-115.070946,238.031631,124.068916
-117.143501,238.120407,123.78183
-119.076851,238.313766,123.354881
-121.083664,238.071198,123.166618
-122.902809,238.257858,122.659477
-124.683388,238.235443,122.088196
-126.315292,238.257645,121.264038
-127.864868,238.321777,120.465546
-129.361542,238.302795,119.419273
-130.809082,238.299194,118.279068
-132.237045,238.376495,117.156029
-133.699081,238.382935,115.843117
-135.173172,238.385468,114.460167
-136.67659,238.466171,112.973091
-138.033783,238.556412,111.276535
-139.462021,238.530365,109.70208
-140.944565,238.701797,108.000038
-142.391815,238.685547,106.341202
-143.763672,238.694077,104.585556
-145.194901,238.734589,102.882904
-146.714096,238.595718,101.242226
-148.185059,238.614914,99.595924
-149.574417,238.577148,98.040192
-150.842636,238.606949,96.483635
-152.175766,238.654297,95.142128
-153.333984,238.778915,94.052292
-154.476654,238.818512,92.895195
-155.358887,238.88652,91.922356
-156.0177,239.02655,90.931503
-156.358475,239.15007,89.938568
-156.513062,239.363037,89.183151
-156.548035,239.269226,88.368637
-156.315414,239.447571,87.619286
-155.848053,239.618179,87.064949
-155.393448,239.593063,86.438805
-154.609253,239.716949,85.753448
-153.637146,239.654938,84.989555
-152.732635,239.630966,84.186859
-151.530289,239.50885,83.220757
-150.383469,239.507507,82.189705
-149.413559,239.57692,81.269104
-148.5392,239.483673,80.172012
-147.782104,239.2715,79.086517
-146.990829,239.363571,77.898438
-146.230911,239.369141,76.539017
-145.519882,239.501587,75.257538
-145.051743,239.377304,73.670921
-144.528488,239.350327,72.055992
-144.263916,239.361343,70.268471
-143.943436,239.234375,68.199936
-143.780182,239.175537,66.089722
-143.756058,239.081802,63.909695
-143.597717,239.079391,61.349701
-143.566528,239.1931,58.837616
-143.584915,239.066528,55.922535
-143.771744,239.041779,52.966991
-144.02829,239.061432,49.937069
-144.182022,239.035278,46.719883
-144.405487,238.851303,43.421757
-144.603256,238.836639,40.093605
-144.70076,238.849487,36.67062
-144.707855,238.865753,33.195957
-144.780807,238.797104,29.727812
-144.757889,238.605698,26.135534
-144.725235,238.435287,22.421385
-144.484451,238.334351,18.825588
-144.141983,238.071472,14.952972
-143.54837,237.856171,11.221429
-143.070618,237.686508,7.512854
-142.34137,237.697281,3.895
-141.64621,237.681244,0.427615
-141.03186,237.579605,-3.221792
-140.574585,237.552872,-6.865578
-140.012161,237.545197,-10.371211
-139.499695,237.426971,-13.87326
-138.909622,237.749176,-16.981586
-138.284698,237.153656,-20.691502
-137.722748,237.325272,-23.892748
-137.265839,237.546082,-27.024269
-136.908966,236.955185,-30.755358
-136.394409,236.745071,-34.292934
-135.936829,236.731415,-37.670647
-135.526886,236.634949,-40.932144
-135.158768,236.540268,-44.337059
-134.805176,236.493607,-47.586338
-134.499252,236.403061,-50.779648
-134.179352,236.392654,-53.74715
-133.716965,236.345383,-56.689968
-133.399948,236.193008,-59.542213
-132.609924,235.972351,-62.118221
-131.471405,235.529984,-64.168236
-130.244263,235.350647,-65.692429
-129.041702,235.395218,-66.63208
-127.729355,235.427963,-67.414482
-126.434166,235.513443,-67.923553
-125.150841,235.656586,-68.07354
-123.832466,235.834915,-68.152847
-122.635132,235.994843,-68.331879
-121.639534,236.136673,-68.656082
-120.548431,236.210999,-69.031433
-119.483055,236.111343,-69.719536
-118.416992,236.044922,-70.470352
-117.467552,235.77562,-71.336357
-116.497696,235.747238,-72.079361
-115.527649,235.541321,-73.037308
-114.720238,235.421951,-73.786705
-113.883446,235.273239,-74.462181
-113.118584,235.330017,-74.678719
-112.396942,235.41507,-74.764877
-111.686272,235.516602,-74.714096
-110.847595,235.772842,-74.501488
-110.0028,235.893402,-74.262054
-109.0205,236.137085,-73.976669
-108.061371,236.2453,-73.621216
-106.595306,236.292633,-72.807373
-105.035736,236.225372,-71.742058
-103.510368,236.177383,-70.394363
-101.949135,236.23938,-68.893585
-100.16597,236.267654,-67.137985
-98.12001,236.259048,-65.093666
-95.922653,236.191803,-62.773766
-93.649986,236.14415,-60.17345
-91.32325,236.198669,-57.327091
-89.081924,236.175217,-54.13604
-86.762383,236.069885,-50.793945
-84.35379,236.05043,-47.243744
-81.89695,235.817688,-43.917828
-79.419533,235.917755,-40.461208
-77.027977,235.923599,-37.090237
-74.664993,235.897934,-33.878109
-72.251999,236.100555,-30.809214
-69.935509,236.048782,-27.880306
-67.494667,235.999847,-25.221872
-65.054733,235.967316,-22.821362
-62.682278,235.888229,-20.62604
-60.394451,235.853607,-18.649187
-58.311653,235.859756,-16.956003
-56.300175,235.909073,-15.452105
-54.368267,235.918411,-14.308635
-52.513275,235.792923,-13.569694
-50.759933,235.712372,-13.311796
-49.174816,235.6241,-13.492441
-47.62043,235.437607,-14.092438
-46.25391,235.46962,-15.001686
-45.150379,235.383133,-16.058493
-44.340473,235.318756,-17.360821
-43.531845,235.231842,-18.792473
-42.822369,235.246445,-20.335281
-42.199333,235.174545,-22.09761
-41.68969,235.009827,-24.208307
-41.442791,235.030441,-26.535105
-41.391037,234.882721,-28.962
-41.36301,234.843475,-31.482176
-41.40641,234.782562,-33.894493
-41.360657,234.738953,-36.195862
-41.250648,234.653687,-38.383446
-41.475979,235.347549,-40.711857
-41.356632,235.220093,-42.626343
-41.353363,235.238205,-44.201916
-40.998798,235.233215,-45.357567
-40.624836,235.199448,-45.488361
-40.152313,235.166031,-45.263763
-39.554901,235.232193,-44.706825
-38.910793,235.42337,-43.987885
-38.080433,235.365906,-43.174496
-37.13422,235.330032,-42.23056
-36.237232,235.38356,-41.212513
-35.507618,235.461426,-40.359905
-34.584553,234.986649,-39.571785
-33.797287,234.988403,-39.38345
-33.187138,234.904419,-39.339558
-32.531757,234.839539,-39.755405
-31.925581,234.607666,-40.599716
-31.29637,234.321411,-41.859818
-30.924452,234.418533,-43.407166
-30.555328,234.392883,-45.108822
-30.252035,234.265686,-47.030869
-29.973143,234.096451,-49.055332
-29.788879,234.042282,-51.164841
-29.723194,233.954697,-53.276638
-29.626816,233.905502,-55.435577
-29.554583,233.866989,-57.582787
-29.587868,233.781769,-59.875252
-29.517317,233.969391,-62.075809
-29.44116,233.739761,-64.1325
-29.4461,233.650635,-66.202721
-29.284325,233.658371,-67.95874
-29.011873,233.918777,-69.313179
-28.771423,233.73262,-70.581902
-28.310287,233.68811,-71.265198
-27.737495,233.698105,-71.563057
-27.038231,233.596008,-71.648766
-26.380867,233.629593,-71.672188
-25.594744,233.555893,-71.566025
-24.695234,233.601746,-71.217545
-23.828365,233.622086,-70.85376
-22.86903,233.615128,-70.212677
-21.938971,233.662918,-69.596161
-20.882013,233.700226,-68.825699
-19.858797,233.649963,-68.076042
-18.68784,233.774124,-67.070427
-17.555868,233.862137,-66.000168
-16.317476,233.878006,-64.835091
-15.212484,233.968964,-63.537434
-14.007548,233.936264,-62.180504
-12.745068,233.879013,-60.767502
-11.599501,234.055313,-59.123219
-10.494015,234.039703,-57.619961
-9.460071,234.174316,-55.893501
-8.408442,234.145065,-54.069641
-7.447314,234.290939,-52.10342
-6.61951,234.290176,-50.197399
-5.698512,234.273788,-48.174713
-4.876784,234.24791,-46.141941
-4.050131,234.214905,-44.037094
-3.181857,234.139236,-41.717518
-2.431731,234.182861,-39.304169
-1.681064,234.312576,-36.607151
-0.954752,234.462173,-33.743168
-0.247948,234.382996,-30.742033
0.463141,234.4384,-27.734148
0.986987,234.489334,-24.722107
1.54588,234.492111,-21.840298
1.981583,234.534164,-19.04442
2.620265,234.354401,-16.39366
3.115599,234.318161,-13.378225
3.252325,233.953247,-11.003577
2.521974,234.121521,-9.241915
1.453931,234.624542,-8.405489
0.824842,234.691422,-8.801996
0.755101,234.637421,-9.917426
0.839185,234.344604,-10.86805
0.769726,234.451187,-11.450198
0.270802,234.458588,-11.869944
-0.38071,234.520172,-12.010624
-1.068126,234.756088,-11.725362
-1.78842,234.773239,-11.478178
-2.404669,234.764343,-11.165667
-3.109813,234.773727,-10.663314
-3.810075,234.844345,-10.110169
-4.571166,234.865067,-9.48274
-5.586495,234.834274,-8.785749
-6.562137,234.802063,-7.94609
-7.738951,234.962494,-6.908444
-9.063757,234.969574,-6.026752
-10.401339,234.988327,-5.214977
-11.900385,234.928619,-4.634912
-13.317004,234.889664,-3.949126
-14.844237,235.085602,-3.166641
-16.43926,235.104889,-2.462392
-18.082462,235.210403,-1.706066
-19.737158,235.234314,-1.021446
-21.412226,235.199631,-0.508741
-23.106686,235.199554,-0.174649
-24.988472,235.367447,0.125399
-26.741167,235.383789,0.244587
-28.671064,235.480438,0.381331
-30.644016,235.483948,0.253764
-32.669323,235.594147,0.179292
-34.750908,235.713669,0.168338
-36.779816,235.80571,0.093091
-38.989407,235.780045,0.016145
-41.299057,235.943924,0.030167
-43.573219,235.914017,-0.081243
-45.909748,235.915314,-0.159273
-48.261246,235.926407,-0.123448
-50.506104,236.0457,-0.162608
-52.790154,236.129074,-0.14966
-55.020424,236.119125,-0.026952
-57.225491,236.31987,0.216861
-59.31921,236.31221,0.546293
-61.47551,236.393356,0.929182
-63.472412,236.384171,1.441571
-65.370888,236.521225,2.070792
-67.226784,236.573166,2.758731
-68.728439,236.629547,3.507301
-70.160927,236.702332,4.30296
-71.264542,236.744843,5.263974
-72.138794,236.835831,6.234436
-72.895767,236.911606,7.390641
-73.285522,236.850708,8.60312
-73.385872,236.891479,9.939821
-73.178108,236.888626,11.334148
-72.726082,236.78363,12.764883
-71.897896,236.908768,14.184152
-71.011856,236.801132,15.770025
-69.827286,236.867905,17.251102
-68.489235,236.847,18.832287
-67.089897,236.852936,20.38648
-65.542763,236.861633,21.825798
-63.922272,236.788315,23.194956
-62.217953,236.786591,24.461147
-60.459648,236.742828,25.650936
-58.685879,236.741714,26.698635
-56.894871,236.746948,27.698196
-55.094082,236.670074,28.620708
-53.275139,236.648239,29.411768
-51.513424,236.553848,30.104805
-49.657707,236.463455,30.738485
-47.893616,236.49086,31.307571
-46.065361,236.375183,31.768162
-44.233967,236.333115,32.155231
-42.47205,236.210678,32.452244
-40.770699,236.135971,32.537605
-38.988411,236.10997,32.658745
-37.343857,236.081558,32.645939
-35.723228,235.97905,32.619671
-34.271553,235.926956,32.573582
-32.830219,235.88414,32.574764
-31.40251,235.78006,32.550575
-29.989487,235.66304,32.609898
-28.72892,235.650452,32.688259
-27.503933,235.641235,32.81683
-26.55409,235.664917,33.116489
-25.607172,235.496826,33.381519
-24.859966,235.542099,33.80122
-24.270067,235.531296,34.361145
-23.960526,235.53299,35.11869
-23.756676,235.534073,35.909866
-23.841955,235.588058,36.92569
-24.096905,235.574371,37.962982
-24.572905,235.73877,39.12553
-25.225277,235.837448,40.260895
-26.076826,235.893173,41.39888
-27.14295,236.063568,42.456184
-28.415018,236.023453,43.588573
-29.843109,236.161682,44.669029
-31.481129,236.266586,45.712982
-33.313431,236.221008,46.76078
-35.272202,236.332199,47.650902
-37.286476,236.426636,48.498489
-39.372639,236.493332,49.357372
-41.532158,236.582458,50.184109
-43.631966,236.593597,50.925045
-45.674438,236.587219,51.604916
-47.668465,236.661865,52.250698
-49.57711,236.632523,52.787098
-51.317772,236.795242,53.263668
-52.82592,236.817688,53.643227
-54.166515,236.806061,53.967941
-55.15704,236.959549,54.337685
-55.93821,236.867905,54.590588
-56.352283,236.937637,54.839687
-56.453007,236.8918,55.034676
-56.207787,236.91629,55.27795
-55.700439,236.891617,55.590019
-54.857521,236.901596,55.982094
-53.844593,236.85376,56.431507
-52.55537,236.776917,56.989548
-51.085548,236.800812,57.685825
-49.54192,236.65509,58.356224
-47.767239,236.660767,59.19878
-45.940777,236.587982,60.066307
-44.119049,236.45256,61.006805
-42.223812,236.402344,61.990459
-40.370995,236.308563,63.088879
-38.612961,236.248322,64.214935
-36.906841,236.235367,65.574997
-35.273132,236.158417,66.925957
-33.693382,236.169983,68.450417
-32.298431,236.167618,70.030052
-31.031885,236.162506,71.563454
-30.067369,236.125916,73.192505
-29.196775,236.099701,74.70974
-28.715996,236.169907,76.300613
-28.45841,236.151901,77.937828
-28.472818,236.163254,79.582756
-28.685505,236.190399,81.272812
-29.119169,236.147522,83.060875
-29.733673,236.119263,84.923485
-30.56769,236.195511,86.868721
-31.547398,236.109436,88.883659
-32.688408,236.122162,90.895035
-33.920086,236.087769,93.10675
-35.398125,236.206314,95.271408
-36.869854,236.162292,97.575981
-38.592693,236.269821,99.954735
-40.212234,236.281418,102.376198
-42.027962,236.371368,104.772095
-43.867706,236.533218,107.236855
-45.82148,236.65036,109.647278
-47.800247,236.721054,111.999786
-49.813316,236.753708,114.381729
-51.77615,236.867233,116.658005
-53.953217,237.003464,118.932312
-55.994274,236.992676,121.062447
-58.130276,237.061432,123.126663
-60.39695,237.41835,124.877113
-62.444172,237.434952,126.568047
-64.209221,237.069473,128.407623
-66.298683,237.100616,129.750046
-68.325638,237.207855,130.836014
-70.359627,237.263947,131.802872
-72.256004,237.429321,132.579025
-74.391853,237.886368,132.851898
-76.469589,237.554245,133.722672
-78.420692,237.684036,134.101425
-80.652603,237.697662,134.456955
-82.790276,237.798462,134.371353
-84.901039,237.6922,134.355942
-86.874535,237.718185,133.950714
-88.874176,237.652512,133.480484
-90.955238,237.645462,132.990036
-93.196335,238.086761,132.156967
-95.780403,237.688095,131.663864
-98.172356,237.827835,130.849808
-100.540657,237.842239,130.122818
-103.077194,237.907135,129.423111
-105.456947,237.962967,128.681061
-107.93927,237.915817,127.819748
-110.263657,237.954971,126.941505
-112.554138,238.077911,126.018433
-114.733192,238.04837,125.049088
-116.903809,238.159454,124.031868
-118.96595,238.131134,123.007507
-120.867912,238.29332,121.79351
-122.774628,238.323807,120.643463
-124.398232,238.332779,119.487076
-126.052795,238.260742,118.295105
-127.506821,238.24173,117.026924
-128.87558,238.223907,115.735535
-129.990265,238.491745,114.211884
-131.258301,238.53746,112.801704
-132.521118,238.503998,111.38958
-133.742462,238.420517,109.939781
-134.832275,238.760269,108.263969
-136.154526,238.810959,106.664749
-137.440231,238.645111,105.150101
-138.746292,238.834625,103.268684
-140.202011,238.908615,101.50647
-141.729324,238.846054,99.765022
-143.077652,238.786423,97.652512
-144.483429,238.856308,95.717323
-145.686691,238.958313,93.559067
-147.044189,238.951004,91.359634
-148.182877,239.008698,89.155273
-149.41272,238.945282,86.899437
-150.283813,239.258682,84.802177
-151.303284,239.325439,82.624115
-152.201248,239.414932,80.461815
-153.044205,239.460526,78.330414
-153.630966,239.499451,76.261902
-154.275162,239.527466,74.155113
-154.816666,239.538544,72.110855
-155.378067,239.39299,70.221535
-155.626373,239.626343,68.381668
-156.099533,239.493988,66.556633
-156.459656,239.329865,64.760368
-156.756744,239.227554,62.959305
-157.021942,239.273392,61.358952
-157.263931,239.330231,59.672813
-157.505264,239.130234,57.762287
-157.722305,239.137787,56.109158
-158.039719,239.216171,54.411205
-158.184235,239.175232,52.687771
-158.57608,239.21347,50.88414
-158.793182,239.161453,49.185005
-158.96431,239.232788,47.147678
-159.207916,239.053253,44.958004
-159.300827,239.216217,42.783352
-159.437332,239.090042,40.160034
-159.607651,239.069687,37.589653
-159.790329,238.977814,34.93824
-159.849609,238.926575,32.150623
-159.947937,238.758163,29.258738
-159.877151,238.920868,26.477375
-159.894196,238.681396,23.608948
-159.808029,238.608215,20.742424
-159.687668,238.399338,17.766422
-159.636169,238.333115,14.953071
-159.45517,238.121109,11.862472
-159.327972,238.008896,9.07261
-159.225189,237.942535,6.286512
-159.059921,237.900101,3.582307
-158.936066,237.754898,0.870277
-158.822418,237.721756,-1.584918
-158.763123,237.53804,-3.896211
-158.643234,237.597687,-6.00302
-158.522644,237.681503,-7.90995
-158.461868,237.73671,-9.771349
-158.464661,237.796768,-11.413531
-158.379547,237.706314,-13.116591
-158.472214,237.679184,-14.722629
-158.500229,237.662445,-16.20825
-158.465408,237.585556,-17.698177
-158.470184,237.526886,-18.854609
-158.419617,237.434998,-19.911503
-158.411285,237.453659,-20.574322
-158.41893,237.3974,-20.998583
-158.323608,237.281738,-21.295189
-158.25441,237.305084,-21.290663
-158.141479,237.494324,-21.000275
-158.129456,237.536804,-20.512318
-158.176605,237.60025,-19.85305
-158.144974,237.824402,-18.993788
-158.156586,238.08992,-17.70598
-158.333115,238.035065,-16.513971
-158.521301,238.184021,-14.919905
-158.644623,238.25589,-13.295276
-158.877014,238.285309,-11.554948
-159.253967,238.206558,-9.88414
-159.729248,238.224579,-8.062891
-160.376205,238.242966,-6.284946
-161.245987,238.184555,-4.369587
-162.107498,238.22113,-2.417569
-163.228668,238.138779,-0.582301
-164.292496,238.14679,1.141041
-165.382553,238.040985,2.621311
-166.530655,237.940613,4.064704
-167.858231,237.937698,5.357904
-169.372467,238.035202,6.802399
-171.180984,238.091354,7.879538
-173.155502,238.120972,9.065757
-175.124893,238.331558,10.383817
-176.865753,238.26889,11.55714
-178.064529,238.050827,12.832131
-178.968765,237.984497,13.950912
-179.56073,237.792953,15.003291
-180.016647,237.720734,16.033838
-180.333969,237.642334,17.003227
-180.405167,237.746902,18.153736
-180.298752,237.887589,19.238449
-180.177551,238.087753,20.227877
-180.157547,237.978714,20.760288
-180.093781,237.957504,21.088026
-180.073959,238.161301,21.561985
-180.027222,238.174484,21.771572
-179.944794,238.178406,21.940601
-179.835007,238.213974,22.011854
-179.762802,238.224045,22.01705
-179.692871,238.361786,22.08803
-179.681305,238.241196,21.910074
-179.689651,238.250305,21.805429
-179.700607,238.204422,21.500891
-179.74144,238.152054,21.356443
-179.821075,238.148407,21.215504
-180.049774,237.952744,20.930014
-180.245712,237.976318,20.658714
-180.335907,237.975327,20.437794
-180.533035,237.795425,20.162624
-180.594284,237.824188,19.975449
-180.622391,237.783112,19.819935
-180.541931,237.745667,19.601727
-180.557404,237.758972,19.50104
-180.582413,237.762177,19.413982
-180.699295,237.598282,19.266407
-180.750534,237.655304,19.112726
-180.763992,237.653046,19.045322
-180.816803,237.616806,18.985817
-180.816269,237.662689,18.906321
-180.821548,237.66449,18.866516
-180.82399,237.677811,18.83626
-180.794067,237.698196,18.761671
-180.778198,237.703491,18.714643
-180.772629,237.707947,18.653933
-180.797897,237.711807,18.562895
-180.80658,237.708496,18.491295
-180.765945,237.601532,18.329012
-180.713608,237.648163,18.257303
-180.613525,237.707962,18.122478
-180.587814,237.725891,17.979231
-180.648453,237.715729,17.714659
-180.667496,237.553085,17.239918
-180.565765,237.63472,16.892159
-180.526688,237.663254,16.563717
-180.399414,237.672653,16.08672
-180.485458,237.539856,15.630982
-180.348389,237.565582,15.135861
-180.310852,237.625366,14.814517
-180.228317,237.594193,14.401684
-180.262482,237.482513,13.979993
-180.217484,237.515732,13.687933
-180.123367,237.503525,13.36283
-179.990219,237.57106,13.010894
-179.980133,237.61142,12.762351
-180.017197,237.633896,12.512557
-179.989761,237.448395,12.146311
-179.933685,237.476776,11.985963
-179.875427,237.458298,11.817069
-179.850891,237.472717,11.703364
-179.836746,237.48024,11.619799
-179.835678,237.459869,11.519028
-179.831848,237.500641,11.429853
-179.746323,237.455109,11.277441
-179.746017,237.455902,11.260243
-179.837753,237.500153,11.39157
-179.843842,237.496445,11.417883
-179.846771,237.497818,11.452869
-179.854492,237.456589,11.537482
-179.860275,237.456055,11.593564
-179.860535,237.474457,11.686706
-179.880081,237.463257,11.752646
-179.897095,237.452789,11.825938
-179.951172,237.471466,11.938766
-180.000488,237.44191,12.021327
-180.016525,237.439056,12.113666
-180.125259,237.480911,12.334811
-180.141769,237.474121,12.429731
-180.055252,237.615768,12.62378
-180.031876,237.605865,12.751516
-180.039108,237.601257,12.847904
-180.039398,237.561646,12.973197
-180.074692,237.544434,13.106839
-180.099869,237.575211,13.222748
-180.213013,237.460495,13.357276
-180.251129,237.517014,13.518612
-180.264465,237.505615,13.592717
-180.276443,237.502228,13.661629
-180.289246,237.495331,13.718466
-180.296021,237.459656,13.795157
-180.306915,237.45369,13.840498
-180.294647,237.543365,13.794596
-180.302109,237.564423,13.839134
-180.304825,237.566849,13.854261
-180.305344,237.564056,13.856662
-180.307129,237.564377,13.855238
-180.30545,237.57048,13.84764
-180.306198,237.569382,13.831571
-180.300522,237.54332,13.791565
-180.300644,237.542236,13.771904
-180.299271,237.546127,13.745579
-180.300598,237.551102,13.726307
-180.296371,237.549484,13.706074
-180.294876,237.617889,13.643347
-180.293045,237.619354,13.626598
-180.293655,237.616898,13.616051
-180.294342,237.619507,13.608635
-180.297195,237.623459,13.610083
-180.296234,237.615814,13.607144
-180.297531,237.617172,13.609102
-180.295837,237.624054,13.616405
-180.30162,237.616135,13.623371
-180.305847,237.619766,13.63104
-180.305603,237.545792,13.688976
-180.31366,237.499451,13.733999
-180.318527,237.46254,13.76984
-180.317108,237.459076,13.77347
-180.320251,237.457626,13.775229
-180.31987,237.458328,13.77401
-180.317368,237.498138,13.740702
-180.322037,237.462585,13.764836
-180.317856,237.466187,13.7602
-180.319,237.457626,13.75269
-180.315979,237.499344,13.717801
-180.319809,237.500549,13.713246
-180.316803,237.498993,13.709319
-180.318069,237.500122,13.708368
-180.317627,237.49675,13.706326
-180.322815,237.461166,13.740417
-180.321442,237.460083,13.744719
-180.323456,237.498749,13.717203
-180.324036,237.46138,13.752074
-180.32663,237.457062,13.754907
-180.328918,237.461807,13.758031
-180.328461,237.456406,13.757989
-180.330872,237.46167,13.761607
-180.330658,237.457733,13.76053
-180.332184,237.460968,13.76243
-180.332123,237.46254,13.761056
-180.331223,237.460983,13.756514
-180.330826,237.461197,13.753143
-180.332535,237.458939,13.749665
-180.333618,237.459824,13.747807
-180.330429,237.457733,13.745909
-180.335175,237.453476,13.746864
-180.33638,237.460342,13.744541
-180.336365,237.460327,13.744986
-180.339218,237.462097,13.748006
-180.337967,237.456116,13.74875
-180.339096,237.456619,13.749031
-180.339233,237.45723,13.75211
-180.342255,237.458633,13.755717
-180.3414,237.461105,13.758126
-180.344162,237.459351,13.757089
-180.34375,237.455826,13.75683
-180.346909,237.460953,13.758589
-180.345764,237.463486,13.75864
-180.34465,237.455795,13.75913
-180.34726,237.457703,13.759771
